Experiment,Trial #,Val Loss,Test MAE,Test RMSE,Test MAPE (%),Directional Acc (%),Lookback,Batch Size,Layers,Dropout,Learning Rate
Price Only,225,0.0909673497080802,0.2075450718402862,0.6854408812569492,6.5785040855407715,45.40636042402827,45,64,1,0.0,0.0023573059965274635
Price + Storage,214,0.0903646424412727,0.2096175253391266,0.6981950437196118,6.6509575843811035,46.113074204947,45,64,1,0.0,0.0028195606893502445
Price + Production,603,0.0982122346758842,0.2143372893333435,0.6632550435455005,7.222757339477539,47.91288566243194,60,32,1,0.05,0.002812155230570859
Price + USD,73,0.1043843999505043,0.2332577407360077,0.717189837017698,7.510782241821289,47.368421052631575,60,32,2,0.05,0.0007740104027396967
Price + Weather,277,0.1083458662033081,0.2109345197677612,0.6972741305476282,6.936519622802734,48.409893992932865,45,32,2,0.0,0.0026641006635867172
All Features,163,0.118339218199253,0.2275769561529159,0.7188879792831513,7.205964088439941,46.28975265017668,45,32,1,0.0,0.002690804843733975
