Experiment,Trial #,Val Loss,Test MAE,Test RMSE,Test MAPE (%),Directional Acc (%),Lookback,Batch Size,Hidden Size,Attention Heads,LSTM Layers,Dropout,Learning Rate
Price + Production,232,0.2347774803638458,0.2020171731710434,0.6066720388204311,6.751967906951904,44.02618657937807,180,32,64,2,3,0.08638378466410511,0.002987107395278585
Price Only,236,0.2451211363077163,0.1804887652397155,0.6397219317198095,5.773773193359375,45.171849427168574,180,32,192,2,1,0.059903927681880735,0.0018444601771094725
Price + Weather,234,0.234662264585495,0.1803987622261047,0.619340136419647,5.7904438972473145,44.680851063829785,90,32,192,8,1,0.13146528890322776,0.0007966696267739077
All Features,230,0.204423502087593,0.1894398182630539,0.6231955228363146,6.400562286376953,45.171849427168574,20,32,128,8,2,0.055502781818976,0.0028264535045668567
Price + Storage,204,0.2345657646656036,0.1795913130044937,0.5787039770196339,5.986440658569336,44.84451718494272,30,32,128,8,2,0.15439706937662953,0.0023453345078533654
Price + USD,280,0.2312808334827423,0.1768847107887268,0.5836526445241791,5.6575775146484375,45.171849427168574,30,32,128,8,2,0.09233167772918592,0.0019964697195699963
