{
  "best_value": 0.2312808334827423,
  "best_params": {
    "max_encoder_length": 30,
    "batch_size": 32,
    "learning_rate": 0.0019964697195699963,
    "gradient_clip_val": 0.5,
    "use_weight_decay": true,
    "weight_decay": 6.995713270834294e-07,
    "hidden_size": 128,
    "attention_head_size": 8,
    "hidden_continuous_size": 16,
    "dropout": 0.09233167772918592,
    "lstm_layers": 2
  }
}